updateTime,creationTime,﻿status,intitule,updatedTime,prestataire_id,prix,id
2023-12-16 00:21:36.193000+00:00,2023-12-16 00:21:35.618000+00:00,Affiche,PR MA P'TIT SOEUR,2023-12-16 00:21:35.618000+00:00,hbh1P93lMqddwYnCd7J0E7fCcvC3,28350,0qbvSm5JxZwsVPuUIh8u
2024-04-22 20:17:29.282000+00:00,2024-04-22 20:17:28.463000+00:00,Affiche,kaba dentelle,2024-04-22 20:17:28.463000+00:00,07zthhw3edOfmXwnD2SmjP3fc3y2,35000,1unZML6ahgxUfCeiysMW
,2023-12-14 11:33:08.446000+00:00,Affiche,Pack Noël,2023-12-14 11:33:08.446000+00:00,KQXNz7BhnAe3r6JOjzxqihdoUyG3,16250,2LUVW9b4yslRnmK4DiP0
2024-02-20 09:47:56.318000+00:00,2024-02-20 09:47:55.697000+00:00,Affiche,Profil lipidique,2024-02-20 09:47:55.699000+00:00,ydHIOCbDC8fn6aPwEVqszjXHSRk2,28000,2tup9GRApxt6Q8TENW69
2023-11-17 09:45:20.474000+00:00,2023-11-17 09:45:19.739000+00:00,Affiche,PACK ÉCONOMIQUE,2023-11-17 09:45:19.739000+00:00,dOejW7bfDveOviZE3toZ1V9iBND2,10000,3DsUsOAwjGco1SoopQTd
2023-12-08 19:53:36.843000+00:00,2023-12-08 19:53:34.809000+00:00,Affiche,Pack Nourisson,2023-12-08 19:53:34.809000+00:00,8aAi34rhtLWmXJUBeGdRClWtWqH2,17540,3YmpKYSqigvARaFIwLvC
2023-05-03 12:07:28.775000+00:00,2023-05-03 12:07:28.150000+00:00,Affiche,Détente,2023-05-03 12:07:28.150000+00:00,NB0X9FrKDRSGQJGnee7LaBDKCbM2,20000,584sEOw5DmtnKoP7HMZq
2023-12-15 21:40:59.469000+00:00,2023-12-15 21:40:58.630000+00:00,Affiche,Ma RÉSERVE SEMAINE,2023-12-15 21:40:58.630000+00:00,hbh1P93lMqddwYnCd7J0E7fCcvC3,26000,7B7k2ntusMRLgyK3Grlb
2023-11-02 12:33:02.465000+00:00,2023-11-02 12:33:01.954000+00:00,Affiche,médecine,2023-11-02 12:33:01.954000+00:00,eqVRCGB0etRAiheg44A0jnSQcSm2,15000,7L8N1S1BSpCznFjq2BNo
2024-04-01 18:03:32.588000+00:00,2024-04-01 18:03:31.858000+00:00,Affiche,Branding,2024-04-01 18:11:00.285000+00:00,tFpgYukxk8bwyCJx1ZcLLLmD0252,200000,8Mt6UgY3a4hsSTuwLTrC
2023-04-11 11:31:45.106000+00:00,2023-04-11 11:31:43.394000+00:00,Affiche,planet Optic,2023-04-11 11:31:43.394000+00:00,ZYoHL3CBjsYenIpFVHHcF6oBjym2,35000,94kgrtT9ttIcfRdycs8c
2024-02-19 18:53:25.054000+00:00,2024-02-19 18:53:24.495000+00:00,Affiche,Hématologie 1,2024-02-19 18:58:49.229000+00:00,ydHIOCbDC8fn6aPwEVqszjXHSRk2,101800,9BK99Jti44NoeRdwcFsp
2023-11-22 11:53:27.464000+00:00,2023-11-22 11:53:26.191000+00:00,Affiche,BIG FAMILY,2023-12-15 11:30:52.729000+00:00,hbh1P93lMqddwYnCd7J0E7fCcvC3,75850,9WMepzJt0zoCQj6vO2sB
2023-11-22 20:46:13.729000+00:00,2023-11-22 20:46:13.259000+00:00,Affiche,CADEAU BEAU PARENT,2023-12-15 11:40:19.211000+00:00,hbh1P93lMqddwYnCd7J0E7fCcvC3,102850,A6ivKR2FmCLR3RUZPXE4
2023-10-24 14:04:50.028000+00:00,2023-10-24 14:04:49.327000+00:00,Affiche,Progressif,2023-10-24 14:18:50.697000+00:00,Vb3vQLLNGrXqPbYpY2Tqvl2LPvh1,120000,AF9ywo6V0l78vIZuEoOu
2023-12-16 00:59:56.020000+00:00,2023-12-16 00:59:55.516000+00:00,Affiche,SIMPLE PACK,2023-12-16 00:59:55.516000+00:00,hbh1P93lMqddwYnCd7J0E7fCcvC3,18500,B46DYiTKzPGnSgqdxZV9
2024-02-06 09:12:39.548000+00:00,2024-02-06 09:12:39.016000+00:00,Affiche,Silver,2024-02-06 09:12:39.017000+00:00,TFCnSLH5dVabxpq36iEALmmsVgn1,20000,Ci1DowtLIwyr9JR0qNZH
,2024-02-04 11:48:31.633000+00:00,Affiche,NG4L ROOTS,2024-02-04 11:48:31.633000+00:00,RZdFXuHrdZeiBOpRX5hF109BsU22,20000,CkBx8PBAorInQ5WhrL6S
2023-11-09 16:11:54.642000+00:00,2023-11-09 16:11:54.029000+00:00,Affiche,charte graphique,2023-11-09 16:11:54.029000+00:00,Tlrhkqe7OcYuLE8Zr3wZ7WSTTnj1,120000,Dwrhf8PvIUvz0G0uS4JZ
2023-04-10 19:44:21.950000+00:00,2023-04-10 19:44:21.162000+00:00,Affiche,formes de rêve,2023-04-10 19:44:21.162000+00:00,utuqLNy1UuZLgy5eK33EeFqk4Fb2,30000,EhZ6j7nb9r5y7dOSzARi
2023-11-28 18:42:27.590000+00:00,2023-11-28 18:42:27.203000+00:00,Affiche,SURPRISE MON BB,2023-12-16 01:49:58.930000+00:00,hbh1P93lMqddwYnCd7J0E7fCcvC3,21000,FvsubFEn1sUGVAzLw3br
2023-12-20 14:17:07.221000+00:00,2023-12-20 14:17:06.561000+00:00,Affiche,MERRY CHRISTMAS,2023-12-20 14:24:46.724000+00:00,6vKFwEf8eMRFjjSNrjJhssgZ15X2,12965,GhcdGUBqvOkVAXydWLXO
2023-11-09 17:06:11.609000+00:00,2023-11-09 17:06:11.220000+00:00,Affiche,spécial fin d'année,2023-11-09 17:06:11.220000+00:00,rggiInctWOZuwxgmVmSPfLc1nx93,55000,HtK71vBjw6If9QW4UYWE
2023-04-10 19:40:15.671000+00:00,2023-04-10 19:40:14.898000+00:00,Affiche,secret de jouvence,2023-04-10 19:40:14.898000+00:00,utuqLNy1UuZLgy5eK33EeFqk4Fb2,35000,I8BTv27nyp6qKshTx1DM
,2023-12-14 11:32:20.885000+00:00,Affiche,pack noel,2023-12-14 11:32:20.885000+00:00,KQXNz7BhnAe3r6JOjzxqihdoUyG3,16250,J5rliGoAK2tevuFt5B5d
,2024-02-04 11:48:20.324000+00:00,Affiche,NG4L ROOTS,2024-02-04 11:48:20.324000+00:00,RZdFXuHrdZeiBOpRX5hF109BsU22,20000,JQstMC4u682eltDtureZ
2024-02-08 07:43:34.107000+00:00,2024-02-08 07:43:33.352000+00:00,Affiche,Pack Famille,2024-02-08 07:43:33.353000+00:00,bixv6Zp7x7XdKHUsfXs62OaY7Yn2,20000,KUXciKdbxNBxGyKHuurK
,2023-12-14 11:31:58.992000+00:00,Affiche,pack noel,2023-12-14 11:31:58.996000+00:00,KQXNz7BhnAe3r6JOjzxqihdoUyG3,16250,KnTRHkYJ9NEO9YbysC74
2023-12-15 23:41:06.309000+00:00,2023-12-15 23:41:05.770000+00:00,Affiche,PACK DU MOIS,2023-12-15 23:41:05.770000+00:00,hbh1P93lMqddwYnCd7J0E7fCcvC3,53450,MaUoHtNTrKv4TRtZ7aVX
2024-02-06 09:18:27.218000+00:00,2024-02-06 09:18:26.564000+00:00,Affiche,Gold,2024-02-06 09:18:26.564000+00:00,TFCnSLH5dVabxpq36iEALmmsVgn1,75000,MevafuMdqcmn8IXdVfiy
2024-02-20 09:49:20.034000+00:00,2024-02-20 09:49:19.431000+00:00,Affiche,Goute,2024-02-20 09:49:19.432000+00:00,ydHIOCbDC8fn6aPwEVqszjXHSRk2,4400,MtjyLPsT1bAuBDRYWS3J
2023-06-16 07:40:24.873000+00:00,2023-06-16 07:40:24.153000+00:00,Affiche,Documentation,2023-06-16 07:42:07.916000+00:00,ZYJmkeL88LUSiU0CecsEVLIbKbg2,100000,Mx242m9y2oV9muGI5D1g
2023-11-29 08:40:32.175000+00:00,2023-11-29 08:40:31.701000+00:00,Affiche,PACK NOURISSON,2023-12-16 01:55:44.260000+00:00,hbh1P93lMqddwYnCd7J0E7fCcvC3,17540,Nuv7iGPN8Fwtnay6sxg4
2023-12-15 20:45:09.624000+00:00,2023-12-15 20:45:08.616000+00:00,Affiche,PAQUET DE VISITE,2023-12-15 20:46:12.732000+00:00,hbh1P93lMqddwYnCd7J0E7fCcvC3,10900,OFXRx13hrkQpNPNApbKC
2023-12-20 14:48:15.174000+00:00,2023-12-20 14:48:14.735000+00:00,Affiche,MERRY CHRISTMAS 2,2023-12-20 14:48:14.735000+00:00,6vKFwEf8eMRFjjSNrjJhssgZ15X2,17175,Q9jFrTRab5sOG53bLM9y
2023-11-23 08:24:27.178000+00:00,2023-11-23 08:24:26.812000+00:00,Affiche,PACK DOTE,2023-12-15 20:16:20.660000+00:00,hbh1P93lMqddwYnCd7J0E7fCcvC3,242550,QHIyl3pLaq5bICrtucvY
2023-11-29 08:49:21.819000+00:00,2023-11-29 08:49:21.377000+00:00,Affiche,PACK BEAUTY HOUSE,2023-12-16 01:52:50.655000+00:00,hbh1P93lMqddwYnCd7J0E7fCcvC3,25900,QWPoVG6XkVhYKRMdPRAM
2023-11-17 09:51:24.873000+00:00,2023-11-17 09:51:24.320000+00:00,Affiche,PACK PREMIUM,2023-11-17 09:52:39.487000+00:00,dOejW7bfDveOviZE3toZ1V9iBND2,50000,R1YW2xyLf1OLuVRv1fCA
2024-02-12 09:23:54.227000+00:00,2024-02-12 09:23:53.610000+00:00,Affiche,Santé,2024-02-12 09:23:53.610000+00:00,CxjVCo2yjITmre9RHgHt0HdgUb42,100000,RCcSajEEzwNA2cjmc57i
2023-10-24 13:57:58.247000+00:00,2023-10-24 13:57:57.846000+00:00,Affiche,Simple foyer,2023-10-24 14:19:21.900000+00:00,Vb3vQLLNGrXqPbYpY2Tqvl2LPvh1,80000,RTGjbAxJ0BlESojvYM06
2023-10-24 14:02:40.261000+00:00,2023-10-24 14:02:39.841000+00:00,Affiche,Simple foyer 2,2023-10-24 14:07:55.596000+00:00,Vb3vQLLNGrXqPbYpY2Tqvl2LPvh1,100000,ShcFj7VuQ1sW46GakEU1
2024-02-19 19:03:53.288000+00:00,2024-02-19 19:03:52.635000+00:00,Affiche,Biochimie sanguine,2024-02-19 19:03:52.635000+00:00,ydHIOCbDC8fn6aPwEVqszjXHSRk2,8800,TpfA97F5DghGvuTvRglY
2023-10-24 14:06:40.470000+00:00,2023-10-24 14:06:39.935000+00:00,Affiche,Progressif 2,2023-10-24 14:07:26.776000+00:00,Vb3vQLLNGrXqPbYpY2Tqvl2LPvh1,200000,Tw6e73AyTWD4AfXQuBXg
,2023-12-14 11:32:43.993000+00:00,Affiche,Pack Noël,2023-12-14 11:32:43.993000+00:00,KQXNz7BhnAe3r6JOjzxqihdoUyG3,16250,U5CzSIJVKzwpD3GotCe5
2023-12-15 20:35:21.531000+00:00,2023-12-15 20:35:18.342000+00:00,Affiche,SIMPLE DÉJEUNER,2023-12-15 20:35:18.342000+00:00,hbh1P93lMqddwYnCd7J0E7fCcvC3,8900,U5gDsnRQrBo5hhD3eOFW
2023-04-04 12:47:35.536000+00:00,2023-04-04 12:47:35.011000+00:00,Affiche,mariage,2023-04-10 19:53:46.406000+00:00,lyhs4mibhVZJQnmsWKgmmulgZXv2,250000,UPaeKrgi4kHmiWtRTVGN
2023-12-15 23:32:05.784000+00:00,2023-12-15 23:32:05.028000+00:00,Affiche,PETIT APPERTIF,2023-12-15 23:32:05.028000+00:00,hbh1P93lMqddwYnCd7J0E7fCcvC3,6000,Uj7X9S0jUIMpmC4mQzOg
2024-03-16 15:02:36.143000+00:00,2024-03-16 15:02:35.931000+00:00,Affiche,Test Pack,2024-05-14 09:43:55.509000+00:00,Tlrhkqe7OcYuLE8Zr3wZ7WSTTnj1,1750,UwguqN8dyL2bwlf0hdZd
2023-12-20 15:01:17.894000+00:00,2023-12-20 15:01:17.444000+00:00,Affiche,MERRY CHRISTMAS 4,2023-12-20 15:01:17.445000+00:00,6vKFwEf8eMRFjjSNrjJhssgZ15X2,24505,VNKfcEOrdH8VwS85tDDn
2023-12-16 00:02:50.872000+00:00,2023-12-16 00:02:50.274000+00:00,Affiche,PACK  DÉBROUILLARD,2023-12-16 00:33:35.469000+00:00,hbh1P93lMqddwYnCd7J0E7fCcvC3,17100,VfR03SnrIZwHtqm4rdzU
2024-02-20 09:59:38.288000+00:00,2024-02-20 09:59:37.713000+00:00,Affiche,MST & IST Hoe,2024-02-20 09:59:37.713000+00:00,ydHIOCbDC8fn6aPwEVqszjXHSRk2,127000,WmbplAypMSvc5XnFA1HR
,2023-12-14 11:37:06.684000+00:00,Affiche,pack nourisson,2023-12-14 11:37:06.684000+00:00,KQXNz7BhnAe3r6JOjzxqihdoUyG3,10000,WvcR3THZHmM73sDTUqYG
2023-12-16 00:47:19.040000+00:00,2023-12-16 00:47:18.489000+00:00,Affiche,PACK DU CLEAN BOY,2023-12-16 00:47:18.489000+00:00,hbh1P93lMqddwYnCd7J0E7fCcvC3,18800,XTXIolDzCXlp1KkO6yhG
2023-11-21 21:52:31.560000+00:00,2023-11-21 21:52:30.218000+00:00,Affiche,PACK BIC MAMA,2023-12-15 10:53:42.185000+00:00,hbh1P93lMqddwYnCd7J0E7fCcvC3,41300,alNUahnTmok8sm3fgIMC
2023-12-20 15:17:50.925000+00:00,2023-12-20 15:17:19.056000+00:00,Affiche,MERRY CHRISTMAS 5,2023-12-20 15:17:19.056000+00:00,6vKFwEf8eMRFjjSNrjJhssgZ15X2,40140,brV7ovRWyg3LiihchCou
2023-12-16 01:46:37.337000+00:00,2023-12-16 01:46:36.734000+00:00,Affiche,MA CDE MENSUELLE,2023-12-16 01:46:36.734000+00:00,hbh1P93lMqddwYnCd7J0E7fCcvC3,54250,copfBqFl0sLbUXo7QQ1S
,2023-12-14 11:38:34.877000+00:00,Affiche,pack nourisson,2023-12-14 11:38:34.877000+00:00,KQXNz7BhnAe3r6JOjzxqihdoUyG3,10000,d4qlZqYaNJPEt8rj103k
2023-12-01 05:46:48.326000+00:00,2023-12-01 05:46:47.688000+00:00,Affiche,Duo visage argan,2023-12-01 05:46:47.688000+00:00,cxDNgbdr4IQDKtFMCsEvmuMLjQ52,7000,dNHBuE5Je5u7dmUzJKu0
2024-02-19 18:58:28.247000+00:00,2024-02-19 18:58:27.668000+00:00,Affiche,Hématologie 2,2024-02-19 18:58:27.668000+00:00,ydHIOCbDC8fn6aPwEVqszjXHSRk2,35300,eeEHsh4NR0m7qWRYArIY
2023-06-01 14:30:06.249000+00:00,2023-06-01 14:30:03.592000+00:00,Affiche,Mariage,2023-06-01 14:30:03.592000+00:00,OiO8Jefyu6XfPJwYNRMpqVea1A03,500000,fP7HDfyqaF2CF9kDjw7A
2023-11-11 10:45:51.158000+00:00,2023-11-11 10:45:50.755000+00:00,Affiche,décoration enfant,2023-11-11 10:45:50.755000+00:00,hqE5vKCyMLgk6lyAZA6nPkHCZ0A3,140000,hLKA3W8FkGpdCa7wX8If
2023-12-16 01:34:16.636000+00:00,2023-12-16 01:34:16.043000+00:00,Affiche,PACK DE DOUCHE,2023-12-16 01:34:16.043000+00:00,hbh1P93lMqddwYnCd7J0E7fCcvC3,12300,hSx7CBSG5rKoJiG2E895
2024-01-26 13:14:30.426000+00:00,2024-01-26 13:14:29.461000+00:00,Affiche,Package mensuel,2024-01-26 13:39:53.389000+00:00,l49kJrXNLwUnd6iMMXHwhL9RxY43,80000,hf7QZqFE7DSLXaRBDzg2
2023-12-25 02:59:10.187000+00:00,2023-12-25 02:59:09.465000+00:00,Affiche,CADEAU NOEL 1,2023-12-25 02:59:09.465000+00:00,6vKFwEf8eMRFjjSNrjJhssgZ15X2,7200,iL09EkR2klOD59NKiTqw
2024-01-26 13:16:11.485000+00:00,2024-01-26 13:16:10.682000+00:00,Affiche,PACKAGE MENSUEL,2024-01-26 13:35:56.544000+00:00,l49kJrXNLwUnd6iMMXHwhL9RxY43,60000,iLqXIuMEBpsiemXqTplV
2023-11-21 21:45:19.130000+00:00,2023-11-21 21:45:18.167000+00:00,Affiche,PACK CÉLIBATAIRE,2023-12-15 10:50:49.711000+00:00,hbh1P93lMqddwYnCd7J0E7fCcvC3,5250,iTtgPinJjzaI2JRJYBv8
2023-09-15 10:16:39.065000+00:00,2023-09-15 10:16:38.291000+00:00,Affiche,ESTHÉTIQUE,2023-09-15 10:31:26.840000+00:00,bKqHDmwn88ZRIWJfIBrzjllY6FP2,100000,icFPnJyQG6wdGknBlttJ
2023-11-20 21:13:57.672000+00:00,2023-11-20 21:13:56.635000+00:00,Affiche,STUDENT AMBITION,2023-12-15 10:36:50.718000+00:00,hbh1P93lMqddwYnCd7J0E7fCcvC3,11650,jGWbuSQoickQkK0j2eJs
2023-12-20 15:28:22.835000+00:00,2023-12-20 15:28:22.282000+00:00,Affiche,MERRY CHRISTMAS 6,2023-12-20 15:28:22.282000+00:00,6vKFwEf8eMRFjjSNrjJhssgZ15X2,47190,jX9kXbilcdUgyVdx2Phu
2024-01-26 13:20:21.417000+00:00,2024-01-26 13:20:20.695000+00:00,Affiche,PACKAGE MENSUEL,2024-01-26 13:34:43.807000+00:00,l49kJrXNLwUnd6iMMXHwhL9RxY43,85000,jt8W7uteyYOmx45BNKj8
2023-11-22 12:28:38.540000+00:00,2023-11-22 12:28:37.170000+00:00,Affiche,HBD MON PAPA,2023-12-15 11:36:44.258000+00:00,hbh1P93lMqddwYnCd7J0E7fCcvC3,98900,jvBwF9J8T0TaSi5lbbqX
2023-12-08 19:47:34.986000+00:00,2023-12-08 19:47:31.091000+00:00,Affiche,Pack beauty house,2023-12-08 19:47:31.092000+00:00,8aAi34rhtLWmXJUBeGdRClWtWqH2,25900,jz28oI2WTJcgB6WIIxEx
2023-11-20 20:13:21.099000+00:00,2023-11-20 20:13:19.952000+00:00,Affiche,PACK FAMILIALE,2023-12-15 10:44:36.704000+00:00,hbh1P93lMqddwYnCd7J0E7fCcvC3,61500,kBq373VpF6FbjHEGC20q
2024-02-20 09:46:06.410000+00:00,2024-02-20 09:46:05.719000+00:00,Affiche,Diabète,2024-02-20 09:46:05.721000+00:00,ydHIOCbDC8fn6aPwEVqszjXHSRk2,21800,ktQHKs87RjssfAu6Xaym
2023-05-03 12:09:27.041000+00:00,2023-05-03 12:09:26.134000+00:00,Affiche,Détente max,2023-05-03 12:09:26.135000+00:00,NB0X9FrKDRSGQJGnee7LaBDKCbM2,30000,kvUvwThe6zGCKYkPd58Z
2024-02-19 19:09:35.673000+00:00,2024-02-19 19:09:35.111000+00:00,Affiche,Iono sanguin cplet,2024-02-19 19:09:54.415000+00:00,ydHIOCbDC8fn6aPwEVqszjXHSRk2,30600,l4Cx7og1EKdwdleddM22
2023-10-30 20:47:03.288000+00:00,2023-10-30 20:47:02.637000+00:00,Affiche,Pack corps - Karité,2023-10-30 20:51:40.259000+00:00,cxDNgbdr4IQDKtFMCsEvmuMLjQ52,14000,lEsFgxMQfUwoGDlAu50x
2023-12-20 15:15:39.979000+00:00,2023-12-20 15:15:39.502000+00:00,Affiche,MERRY CHRISTMAS 3,2023-12-20 15:16:12.683000+00:00,6vKFwEf8eMRFjjSNrjJhssgZ15X2,15170,llMb9nYghZexL2uTonhe
2024-02-08 07:47:21.617000+00:00,2024-02-08 07:47:20.871000+00:00,Affiche,Pack Seniors,2024-02-08 07:47:20.871000+00:00,bixv6Zp7x7XdKHUsfXs62OaY7Yn2,15000,mhC5KjoirnCPuABwwjtm
2023-05-03 12:00:30.120000+00:00,2023-05-03 12:00:29.335000+00:00,Affiche,Détente plus,2023-05-03 12:00:29.336000+00:00,NB0X9FrKDRSGQJGnee7LaBDKCbM2,25000,n2ACRsfHgcgoYqfLcAAb
2024-01-26 13:38:47.662000+00:00,2024-01-26 13:38:47.003000+00:00,Affiche,SERVICE A DOMICILE,2024-01-26 13:38:47.003000+00:00,l49kJrXNLwUnd6iMMXHwhL9RxY43,60000,n4hCZ4MjHrTUsMPMe1ou
2023-11-20 10:16:45.116000+00:00,2023-11-20 10:16:41.716000+00:00,Affiche,PETIT DÉJEUNER,2023-12-15 10:43:02.284000+00:00,hbh1P93lMqddwYnCd7J0E7fCcvC3,9750,nOZUvBFKWhWBFY3BQZT7
2023-12-16 00:25:18.376000+00:00,2023-12-16 00:25:17.389000+00:00,Affiche,SIMPLE APPERTIF,2023-12-16 00:25:17.389000+00:00,hbh1P93lMqddwYnCd7J0E7fCcvC3,7700,oKsrwpNBOQ6aiSgUy38w
2023-04-04 12:42:04.171000+00:00,2023-04-04 12:42:03.723000+00:00,Affiche,anniversaire,2023-04-10 19:54:17.815000+00:00,lyhs4mibhVZJQnmsWKgmmulgZXv2,30000,pUUTKXTaEZUeaBSluGLW
2023-12-19 17:50:51.687000+00:00,2023-12-19 17:50:50.989000+00:00,Affiche,PACK SIMPLE,2023-12-19 18:27:13.411000+00:00,KQXNz7BhnAe3r6JOjzxqihdoUyG3,12050,pYPIRuibPjI6dX3e1Mq5
2023-12-15 20:29:00.628000+00:00,2023-12-15 20:28:50.499000+00:00,Affiche,SURPRISE MAMAN,2023-12-15 20:28:50.499000+00:00,hbh1P93lMqddwYnCd7J0E7fCcvC3,50790,prN6Qi2POvflDpBWubHM
2024-02-06 09:21:03.862000+00:00,2024-02-06 09:21:03.369000+00:00,Affiche,Platinium,2024-02-06 09:21:03.369000+00:00,TFCnSLH5dVabxpq36iEALmmsVgn1,100000,qJ4ML9pt6Vc9Q4BUU3ff
2024-02-06 09:22:36.048000+00:00,2024-02-06 09:22:35.495000+00:00,Affiche,Premium,2024-02-06 09:23:08.435000+00:00,TFCnSLH5dVabxpq36iEALmmsVgn1,40000,rJxqQAzkLyKxvg2cBtk4
2023-12-20 12:58:02.624000+00:00,2023-12-20 12:58:01.749000+00:00,Affiche,pack Bonheur,2023-12-20 13:02:10.136000+00:00,7M7SLCTcDPfmhxSU0k4E385ucuJ2,45000,rMlaMFzHhfvHUeLL5qZA
2024-06-07 14:01:29.282000+00:00,2024-06-07 14:01:28.620000+00:00,Affiche,Fête des pères,2024-06-07 14:01:28.620000+00:00,qnoyxSpFl7QfKaTyOGAp9Qkm5lM2,50000,sBAk7hmIwauA3LRaptqo
2023-11-22 21:39:33.677000+00:00,2023-11-22 21:39:32.821000+00:00,Affiche,SUPRISE BELLE SOEUR,2023-12-15 11:42:28.059000+00:00,hbh1P93lMqddwYnCd7J0E7fCcvC3,18800,sSeTLG8qROD6InA3ckBu
2023-10-30 20:16:01.345000+00:00,2023-10-30 20:16:00.640000+00:00,Affiche,panier Noël 1,2023-10-30 20:16:00.641000+00:00,OkGUcgYjDsf0Cec8YYCvQOsFs223,15000,tNZXLjFnioQYZ8EfQMRi
2023-11-21 15:43:35.784000+00:00,2023-11-21 15:43:35.350000+00:00,Affiche,Agro-alimentaire,2023-11-21 15:43:35.350000+00:00,iLWbSttu1pbio7hIi0kl5hLihCk1,60000,tSmMuuJ0SzdbITaUeuYI
2023-12-15 23:20:47.417000+00:00,2023-12-15 23:20:46.843000+00:00,Affiche,PRÉVISION HEBDO,2023-12-15 23:20:46.843000+00:00,hbh1P93lMqddwYnCd7J0E7fCcvC3,29750,tWULTI6vdDkJR47UZIlR
2023-11-22 12:28:37.184000+00:00,2023-11-22 12:28:23.631000+00:00,Affiche,HBD Beau-père,2023-11-23 10:03:48.274000+00:00,hbh1P93lMqddwYnCd7J0E7fCcvC3,60000,tlJM9XWItPjVWkbGlatI
2023-12-16 00:33:03.490000+00:00,2023-12-16 00:33:02.820000+00:00,Affiche,SUPRISE AU ENFANTS,2023-12-16 00:33:02.820000+00:00,hbh1P93lMqddwYnCd7J0E7fCcvC3,19250,u5VPO8DHwlfoWL7qqDr0
2023-12-16 01:09:52.973000+00:00,2023-12-16 01:09:52.356000+00:00,Affiche,COMMANDES MAISON,2023-12-16 01:09:52.356000+00:00,hbh1P93lMqddwYnCd7J0E7fCcvC3,20750,uCMy4X3wmbfBSat7W0kz
,2023-12-14 11:37:33.617000+00:00,Affiche,pack nourisson,2023-12-14 11:37:33.617000+00:00,KQXNz7BhnAe3r6JOjzxqihdoUyG3,100000,uEIXrcZtihaMw1Gmfhi6
2023-12-01 05:42:51.504000+00:00,2023-12-01 05:42:50.914000+00:00,Affiche,Duo visage éclat,2023-12-01 05:42:50.914000+00:00,cxDNgbdr4IQDKtFMCsEvmuMLjQ52,7000,uEtgZspS0iIRekuvUeqx
2023-11-15 13:16:36.860000+00:00,2023-11-15 13:16:36.387000+00:00,Affiche,promo fin d'année,2023-11-15 13:17:06.990000+00:00,6vKFwEf8eMRFjjSNrjJhssgZ15X2,25000,uKGgR9vMYRlOi2M9ynEc
2023-12-16 01:26:16.858000+00:00,2023-12-16 01:26:16.258000+00:00,Affiche,RÉSERVE DU FRIGO,2023-12-16 01:26:16.258000+00:00,hbh1P93lMqddwYnCd7J0E7fCcvC3,19200,w20KRD8I9Q1KhNFnK3lq
2023-12-15 21:08:06.753000+00:00,2023-12-15 21:08:05.451000+00:00,Affiche,SURPRISE A MA MÈRE,2023-12-15 21:08:05.451000+00:00,hbh1P93lMqddwYnCd7J0E7fCcvC3,29700,w2cRfz2zcqQINs0GX09e
2023-05-03 12:19:33.643000+00:00,2023-05-03 12:19:33.049000+00:00,Affiche,Classic men,2023-05-03 12:19:33.049000+00:00,NB0X9FrKDRSGQJGnee7LaBDKCbM2,15000,w3QtiVylBW4Qgf2scnV9
2024-02-19 19:06:38.428000+00:00,2024-02-19 19:06:37.785000+00:00,Affiche,Fonction hépatique,2024-02-19 19:06:37.790000+00:00,ydHIOCbDC8fn6aPwEVqszjXHSRk2,30100,wGITNdTSfgsUkts89364
2023-12-25 02:54:56.027000+00:00,2023-12-25 02:54:55.143000+00:00,Affiche,CADEAU NOEL 2,2023-12-25 02:54:55.143000+00:00,6vKFwEf8eMRFjjSNrjJhssgZ15X2,4985,wjcj9jwk1mgFzIgVNEXG
2024-02-12 09:17:32.187000+00:00,2024-02-12 09:17:31.734000+00:00,Affiche,Suivi préventif,2024-02-12 09:17:31.734000+00:00,CxjVCo2yjITmre9RHgHt0HdgUb42,20000,xX0Fi5YPyFhAuku9O4aj
2023-11-22 12:25:07.240000+00:00,2023-11-22 12:25:05.859000+00:00,Affiche,PACK DOTE,2023-11-24 13:14:45.645000+00:00,hbh1P93lMqddwYnCd7J0E7fCcvC3,270590,xt5qvVhXKdh5Yx32tUW6
2023-12-15 20:29:00.638000+00:00,2023-12-15 20:28:57.385000+00:00,Affiche,SURPRISE MAMAN,2023-12-15 20:28:57.385000+00:00,hbh1P93lMqddwYnCd7J0E7fCcvC3,50790,yLsaqSGtInosu5tsRGK4
2023-12-19 17:15:34.411000+00:00,2023-12-19 17:13:39.911000+00:00,Affiche,PACK PETIT DEJEUNER,2023-12-19 17:13:39.912000+00:00,KQXNz7BhnAe3r6JOjzxqihdoUyG3,14750,zJT9FagHXp9hJFYovnoE
2023-11-22 21:17:08.064000+00:00,2023-11-22 21:17:07.530000+00:00,Affiche,PACK DRINK CHAUD,2023-11-24 14:31:19.977000+00:00,hbh1P93lMqddwYnCd7J0E7fCcvC3,56600,zX87pYy7Dh0Aj3zTYhhA
2023-12-01 05:40:09.102000+00:00,2023-12-01 05:40:08.509000+00:00,Affiche,Duo visage,2023-12-01 05:40:08.509000+00:00,cxDNgbdr4IQDKtFMCsEvmuMLjQ52,7000,znqrRchZl5RmrzbXbrdj
